,Datetime,Price,Load,load_mwh,overnight,optimised_mwh,optimised_kw,original_cost,optimised_cost,cum_original_mwh,cum_optimised_mwh
0,2025-12-08 09:00:00,89.47,60,0.06,False,0.06,60.0,5.3682,5.3682,0.06,0.06
1,2025-12-08 09:30:00,86.97,72,0.072,False,0.072,72.0,6.261839999999999,6.261839999999999,0.132,0.132
2,2025-12-08 10:00:00,82.74,224,0.224,False,0.224,224.0,18.53376,18.53376,0.356,0.356
3,2025-12-08 10:30:00,74.55,277,0.277,False,0.277,277.0,20.65035,20.65035,0.633,0.633
4,2025-12-08 11:00:00,70.63,231,0.231,False,0.231,231.0,16.31553,16.31553,0.864,0.864
5,2025-12-08 11:30:00,72.92,96,0.096,False,0.096,96.0,7.00032,7.00032,0.96,0.96
6,2025-12-08 12:00:00,72.39,141,0.141,False,0.141,141.0,10.20699,10.20699,1.101,1.101
7,2025-12-08 12:30:00,73.93,200,0.2,False,0.2,200.0,14.786000000000001,14.786000000000001,1.301,1.301
8,2025-12-08 13:00:00,76.39,164,0.164,False,0.164,164.0,12.52796,12.52796,1.4649999999999999,1.4649999999999999
9,2025-12-08 13:30:00,73.26,156,0.156,False,0.156,156.0,11.428560000000001,11.428560000000001,1.6209999999999998,1.6209999999999998
10,2025-12-08 14:00:00,76.36,243,0.243,False,0.243,243.0,18.55548,18.55548,1.8639999999999999,1.8639999999999999
11,2025-12-08 14:30:00,78.28,196,0.196,False,0.196,196.0,15.342880000000001,15.342880000000001,2.06,2.06
12,2025-12-08 15:00:00,79.32,167,0.167,False,0.167,167.0,13.24644,13.24644,2.227,2.227
13,2025-12-08 15:30:00,87.4,98,0.098,False,0.098,98.0,8.5652,8.5652,2.3249999999999997,2.3249999999999997
14,2025-12-08 16:00:00,84.9,35,0.035,False,0.035,35.0,2.9715000000000007,2.9715000000000007,2.36,2.36
15,2025-12-08 16:30:00,86.64,89,0.089,False,0.089,89.0,7.71096,7.71096,2.449,2.449
16,2025-12-08 17:00:00,90.73,50,0.05,False,0.05,50.0,4.5365,4.5365,2.4989999999999997,2.4989999999999997
17,2025-12-08 17:30:00,85.63,300,0.3,True,-7.123958819727004e-27,-7.123958819727004e-24,25.688999999999997,-6.100245937332233e-25,2.7989999999999995,2.4989999999999997
18,2025-12-08 18:00:00,83.86,700,0.7,True,-7.12397904199142e-27,-7.12397904199142e-24,58.702,-5.974168824614005e-25,3.4989999999999997,2.4989999999999997
19,2025-12-08 18:30:00,81.68,1100,1.1,True,-7.124004079080697e-27,-7.124004079080697e-24,89.84800000000001,-5.818886531793113e-25,4.599,2.4989999999999997
20,2025-12-08 19:00:00,76.76,1500,1.5,True,-1.388491186814457e-23,-1.388491186814457e-20,115.14000000000001,-1.0658058349987773e-21,6.099,2.4989999999999997
21,2025-12-08 19:30:00,87.48,1500,1.5,True,-7.12393782709061e-27,-7.12393782709061e-24,131.22,-6.232020811138866e-25,7.599,2.4989999999999997
22,2025-12-08 20:00:00,82.96,1500,1.5,True,-7.12398944201312e-27,-7.12398944201312e-24,124.44,-5.910061641094083e-25,9.099,2.4989999999999997
23,2025-12-08 20:30:00,78.41,1500,1.5,True,-1.3884911849270457e-23,-1.3884911849270457e-20,117.615,-1.0887159381012966e-21,10.599,2.4989999999999997
24,2025-12-08 21:00:00,72.7,1278,1.278,True,-1.0415464962506102e-23,-1.0415464962506102e-20,92.9106,-7.572043027741936e-22,11.877,2.4989999999999997
25,2025-12-08 21:30:00,72.12,1091,1.091,True,-1.0415464969246857e-23,-1.0415464969246857e-20,78.68292,-7.511633335820834e-22,12.968,2.4989999999999997
26,2025-12-08 22:00:00,77.2,933,0.933,True,-1.3884911863137153e-23,-1.3884911863137153e-20,72.0276,-1.0719151958341883e-21,13.901,2.4989999999999997
27,2025-12-08 22:30:00,70.63,799,0.799,True,0.19099999999999878,190.99999999999878,56.43337,13.490329999999913,14.7,2.6899999999999986
28,2025-12-08 23:00:00,71.57,687,0.687,True,-1.2150188451436523e-23,-1.2150188451436523e-20,49.16859,-8.695889874693119e-22,15.386999999999999,2.6899999999999986
29,2025-12-08 23:30:00,63.29,592,0.592,True,1.5,1500.0,37.467679999999994,94.935,15.979,4.189999999999999
30,2025-12-09 00:00:00,63.64,512,0.512,True,1.5,1500.0,32.58368,95.46000000000001,16.491,5.689999999999999
31,2025-12-09 00:30:00,61.26,444,0.444,True,1.5,1500.0,27.19944,91.89,16.935,7.189999999999999
32,2025-12-09 01:00:00,59.75,387,0.387,True,1.5,1500.0,23.123250000000002,89.625,17.322,8.689999999999998
33,2025-12-09 01:30:00,52.51,350,0.35,True,1.5,1500.0,18.3785,78.765,17.672,10.189999999999998
34,2025-12-09 02:00:00,53.92,310,0.31,True,1.5,1500.0,16.7152,80.88,17.982,11.689999999999998
35,2025-12-09 02:30:00,51.22,299,0.299,True,1.5,1500.0,15.314779999999999,76.83,18.281,13.189999999999998
36,2025-12-09 03:00:00,54.61,285,0.285,True,1.5,1500.0,15.563849999999999,81.91499999999999,18.566,14.689999999999998
37,2025-12-09 03:30:00,49.67,239,0.239,True,1.5,1500.0,11.871129999999999,74.505,18.805,16.189999999999998
38,2025-12-09 04:00:00,53.32,211,0.211,True,1.5,1500.0,11.25052,79.98,19.016,17.689999999999998
39,2025-12-09 04:30:00,46.8,174,0.174,True,1.5,1500.0,8.143199999999998,70.19999999999999,19.189999999999998,19.189999999999998
40,2025-12-09 05:00:00,40.32,155,0.155,False,0.155,155.0,6.2496,6.2496,19.345,19.345
41,2025-12-09 05:30:00,45.3,96,0.096,False,0.096,96.0,4.3488,4.3488,19.441,19.441
42,2025-12-09 06:00:00,51.74,135,0.135,False,0.135,135.0,6.9849000000000006,6.9849000000000006,19.576,19.576
43,2025-12-09 06:30:00,59.07,141,0.141,False,0.141,141.0,8.328869999999998,8.328869999999998,19.717,19.717
44,2025-12-09 07:00:00,75.18,113,0.113,False,0.113,113.0,8.49534,8.49534,19.83,19.83
45,2025-12-09 07:30:00,82.32,57,0.057,False,0.057,57.0,4.69224,4.69224,19.886999999999997,19.886999999999997
46,2025-12-09 08:00:00,85.12,22,0.022,False,0.022,22.0,1.87264,1.87264,19.908999999999995,19.908999999999995
47,2025-12-09 08:30:00,86.96,23,0.023,False,0.023,23.0,2.0000799999999996,2.0000799999999996,19.931999999999995,19.931999999999995
